num, radius_au,eccentricity,mass_mearths,planet_type,p_iron,p_rock,p_ice,p_gas, radius_km,teq_k, tsurf_k
I,0.826400,0.128585,0.915053,Rocky,0.300000,0.700000,0.000000,0.000000,6186.00,280.00,312.00
II,4.346532,0.103397,1.186096,Rocky,0.292844,0.689266,0.017890,0.000000,6745.00,122.00,142.00
III,10.572867,0.072480,0.028305,Icy,0.000000,0.250000,0.750000,0.000000,3531.00,63.00,65.00
IV,18.746339,0.141150,0.088474,Icy,0.000000,0.250000,0.750000,0.000000,5162.00,48.00,52.00
V,22.151195,0.139691,2385.346983,Giant,0.227331,0.546648,0.048625,0.177396,136745.00,50.00,33.00
VI,48.383539,0.074815,0.030909,Icy,0.000000,0.250000,0.750000,0.000000,3636.00,30.00,31.00
