num, radius_au,eccentricity,mass_mearths,planet_type,p_iron,p_rock,p_ice,p_gas, radius_km,teq_k
I,0.796348,0.136684,0.933548,Rocky,0.300000,0.700000,0.000000,0.000000,6228.00,286.00
II,4.091390,0.105424,1.212239,Rocky,0.292320,0.688480,0.019200,0.000000,6794.00,126.00
III,12.169400,0.149811,0.031213,Icy,0.000000,0.250000,0.750000,0.000000,3648.00,59.00
IV,16.811549,0.077560,0.031172,Icy,0.000000,0.250000,0.750000,0.000000,3646.00,50.00
V,28.954515,0.088280,0.086440,Icy,0.000000,0.250000,0.750000,0.000000,5122.00,38.00
VI,33.119530,0.146141,2441.420905,Giant,0.222105,0.534080,0.047507,0.196308,137808.00,41.00
