num, radius_au,eccentricity,mass_mearths,planet_type,p_iron,p_rock,p_ice,p_gas, radius_km,teq_k, tsurf_k
I,0.412886,0.132067,0.459590,Rocky,0.300000,0.700000,0.000000,0.000000,4918.00,397.00,403.00
II,0.938973,0.118813,1.148404,Rocky,0.300000,0.700000,0.000000,0.000000,6673.00,263.00,304.00
III,1.846081,0.129002,0.465425,Rocky,0.300000,0.700000,0.000000,0.000000,4938.00,188.00,191.00
IV,7.590550,0.092696,0.025377,Icy,0.000000,0.250000,0.750000,0.000000,3404.00,75.00,77.00
V,11.894027,0.111750,0.069870,Icy,0.000000,0.250000,0.750000,0.000000,4771.00,60.00,65.00
VI,32.946436,0.126276,0.078852,Icy,0.000000,0.250000,0.750000,0.000000,4968.00,36.00,39.00
VII,38.972203,0.124054,2381.628043,Giant,0.227685,0.547499,0.048701,0.176116,136674.00,38.00,4382392117077412648321024.00
